TICKER;PRECO;DY;P/L;P/VP;P/ATIVOS;MARGEM BRUTA;MARGEM EBIT;MARG. LIQUIDA;P/EBIT;EV/EBIT;DIVIDA LIQUIDA / EBIT;DIV. LIQ. / PATRI.;PSR;P/CAP. GIRO;P. AT CIR. LIQ.;LIQ. CORRENTE;ROE;ROA;ROIC;PATRIMONIO / ATIVOS;PASSIVOS / ATIVOS;GIRO ATIVOS;CAGR RECEITAS 5 ANOS;CAGR LUCROS 5 ANOS; LIQUIDEZ MEDIA DIARIA; VPA; LPA; PEG Ratio; VALOR DE MERCADO
ABCB4;14,63;3,40;10,03;0,75;0,07;1,96;-1,80;5,46;-30,44;-30,44;;;0,55;0,75;-0,09;3,23;7,51;0,74;;0,10;0,90;0,14;21,38;-3,68;12.968.002,45;19,41;1,46;-0,28;3.231.633.384,21
ABEV3;15,15;3,24;20,95;3,17;1,90;53,64;27,29;19,49;14,97;14,09;-0,88;-0,19;4,08;127,85;-2,65;1,06;15,14;9,09;17,72;0,60;0,40;0,47;4,56;-1,85;385.990.143,05;4,78;0,72;-6,16;238.387.037.169,75
AERI3;9,10;;61,60;7,22;2,94;11,13;9,30;5,13;33,94;36,17;2,23;0,47;3,16;9,61;-9,92;1,77;11,72;4,78;9,41;0,41;0,59;0,93;;;56.202.849,58;1,26;0,15;2,23;6.972.542.449,60
AGRO3;21,91;3,24;9,22;1,60;0,88;30,80;22,06;24,23;10,12;12,91;2,79;0,44;2,23;7,42;-1,28;1,61;17,40;9,55;9,06;0,55;0,45;0,39;13,49;-7,94;16.031.735,16;13,66;2,38;0,90;1.798.905.234,91
ALPA4;36,69;;153,90;7,15;4,48;52,34;8,15;4,17;78,66;72,20;-1,64;-0,15;6,41;15,39;-10,11;2,10;4,64;2,91;8,16;0,63;0,37;0,70;-3,59;-13,58;59.250.277,87;5,13;0,24;-3,15;20.253.196.107,36
ALSO3;26,57;;41,77;0,93;0,65;66,20;40,15;21,20;22,05;17,73;-4,32;-0,18;8,85;4,95;-0,78;4,37;2,22;1,55;3,37;0,70;0,30;0,07;19,22;-0,15;35.769.465,97;28,66;0,64;0,06;7.061.582.711,46
ALUP11;25,30;2,73;7,87;0,83;0,33;56,04;54,04;15,34;2,23;4,32;2,09;0,77;1,21;4,13;-0,40;1,78;10,53;4,17;14,02;0,40;0,60;0,27;32,68;29,19;18.966.332,37;30,52;3,21;1,35;7.413.838.368,57
AMAR3;5,30;;;1,40;0,41;37,31;-13,69;0,00;-4,74;-7,88;-3,14;0,93;0,65;4,28;-0,88;1,22;0,00;0,00;-12,12;0,29;0,71;0,64;-7,53;;22.330.537,39;3,79;0,00;;1.386.833.716,70
ANIM3;9,13;;-89,70;1,46;0,80;51,80;8,31;-2,89;31,20;31,54;0,33;0,02;2,59;2,21;-1,49;4,78;-1,63;-0,90;2,96;0,55;0,45;0,31;11,24;;27.547.943,74;6,26;-0,10;-0,27;3.687.322.189,65
ARZZ3;70,50;0,75;144,57;5,21;2,48;47,47;5,79;3,05;76,26;77,05;0,79;0,05;4,41;10,75;-5,54;1,72;3,60;1,72;4,34;0,48;0,52;0,56;7,26;-16,50;49.399.677,42;13,54;0,49;-2,06;7.024.014.687,00
ASAI3;72,70;;;13,84;1,04;;;;;;;3,05;;-52,16;-1,86;0,96;0,00;0,00;;0,07;0,93;0,00;;;191.634.517,45;5,25;0,00;;19.509.158.920,90
AURA33;69,00;6,64;3,46;0,82;0,48;41,37;29,34;24,52;2,89;2,35;-0,54;-0,15;0,85;2,65;-0,80;1,80;23,69;13,82;21,76;0,58;0,42;0,56;;;11.570.834,53;84,26;19,96;0,01;1.330.839.225,00
AZUL4;37,07;;-4,31;-3,30;2,96;4,97;-24,36;-188,62;-33,40;-36,41;-3,00;;8,14;-9,75;-4,50;0,53;-76,58;-68,60;24,18;-0,90;1,90;0,36;-1,70;;303.489.357,29;-11,22;-8,59;-0,01;46.730.804.618,74
B3SA3;54,01;4,80;26,56;4,50;2,38;89,87;60,06;44,52;19,69;18,18;-1,51;-0,34;11,82;14,86;-3,77;1,77;16,93;8,96;13,42;0,53;0,47;0,20;33,29;13,50;969.080.496,74;12,01;2,03;0,50;110.288.420.000,00
BBAS3;29,66;4,85;6,79;0,73;0,05;17,25;7,58;10,28;9,21;9,21;;;0,70;0,51;-0,05;33,26;10,72;0,70;;0,07;0,93;0,07;-7,77;-4,56;698.935.885,58;40,74;4,37;-0,20;84.988.268.813,20
BBDC3;23,20;2,61;12,44;1,43;0,15;-2,98;0,53;20,72;486,32;524,89;;;2,58;1,18;-0,17;11,43;11,51;1,21;;0,10;0,90;0,06;-3,00;-2,54;151.793.104,84;16,20;1,87;-0,57;222.110.124.803,68
BBDC4;26,88;2,47;14,41;1,66;0,17;-2,98;0,53;20,72;563,46;524,89;;;2,99;1,37;-0,20;11,43;11,51;1,21;;0,10;0,90;0,06;-3,00;-2,54;1.246.147.801,66;16,20;1,87;-0,66;222.110.124.803,68
BBSE3;23,96;5,64;12,44;7,50;4,40;;;;10,02;10,02;;;;62,59;-6,58;1,27;60,27;35,33;;0,59;0,41;0,00;;-1,76;177.668.850,03;3,19;1,93;-0,30;47.920.000.000,00
BEEF3;9,83;3,06;7,75;6,43;0,32;19,76;9,24;3,59;3,01;5,90;2,89;6,17;0,28;1,10;-0,96;1,76;82,98;4,12;13,90;0,05;0,95;1,15;15,30;;94.281.116,29;1,53;1,27;0,00;5.402.781.252,02
BIDI11;153,00;0,14;-5.417,07;11,80;1,97;57,47;-9,54;-0,77;-438,91;-438,91;;;41,88;-21,23;-3,71;0,83;-0,22;-0,04;;0,17;0,83;0,05;14,14;;316.794.366,00;12,96;-0,03;49,64;38.986.676.895,00
BIDI3;51,30;0,14;-5.448,94;11,87;1,98;57,47;-9,54;-0,77;-441,49;-438,91;;;42,13;-21,36;-3,73;0,83;-0,22;-0,04;;0,17;0,83;0,05;14,14;;19.995.270,82;4,32;-0,01;49,93;38.986.676.895,00
BIDI4;50,98;0,14;-5.414,95;11,80;1,97;57,47;-9,54;-0,77;-438,73;-438,91;;;41,86;-21,22;-3,70;0,83;-0,22;-0,04;;0,17;0,83;0,05;14,14;;143.157.092,32;4,32;-0,01;49,62;38.986.676.895,00
BKBR3;9,48;;-5,86;1,42;0,66;59,16;-17,30;-19,91;-6,74;-6,77;-0,03;0,01;1,17;4,71;-0,93;1,98;-24,24;-11,33;-15,04;0,47;0,53;0,57;18,70;;25.145.366,55;6,68;-1,62;0,01;2.610.369.637,56
BMGB4;5,15;3,47;7,70;0,75;0,12;72,00;3,27;10,15;23,92;23,92;;;0,78;;-0,12;;9,68;1,59;;0,16;0,84;0,16;;;8.637.177,45;6,91;0,67;0,20;3.046.093.834,65
BMOB3;19,91;;43,77;11,65;3,97;57,95;42,06;28,92;30,09;28,33;-1,77;-0,68;12,66;11,40;-7,41;4,03;26,62;9,08;24,16;0,34;0,66;0,31;;;62.528.039,94;1,71;0,45;;1.810.000.021,72
BOAS3;12,52;0,44;365,21;3,63;2,69;42,69;9,91;2,79;102,90;85,23;-17,67;-0,62;10,19;5,22;-6,67;7,24;0,99;0,74;1,90;0,74;0,26;0,26;;;12.576.214,11;3,45;0,03;-5,20;6.520.389.207,20
BPAC11;91,97;1,32;26,13;3,21;0,34;-7,36;7,72;24,86;84,12;84,12;;;6,50;-6,14;-0,88;0,92;12,29;1,30;;0,11;0,89;0,05;2,49;41,61;476.997.606,84;28,63;3,52;-2,08;85.717.275.647,61
BPAN4;10,78;1,92;19,82;2,44;0,33;61,65;9,35;6,84;14,49;14,49;;;1,35;-1,67;-0,57;0,67;12,33;1,68;;0,14;0,86;0,25;5,89;35,43;73.963.839,61;4,41;0,54;3,65;12.990.504.984,38
BRAP4;65,65;3,05;15,57;2,03;2,02;;;;15,64;14,84;-0,04;-0,01;;60,11;-2,10;11,80;13,03;12,99;12,98;1,00;0,00;0,00;;;185.470.985,21;32,34;4,22;-0,03;21.730.566.295,90
BRDT3;22,08;4,21;6,59;2,11;0,91;5,47;5,60;4,79;5,63;6,77;1,14;0,43;0,32;4,01;-1,72;1,92;31,99;13,79;17,54;0,43;0,57;2,88;-3,48;;235.057.949,84;10,48;3,35;0,09;25.723.200.000,00
BRKM5;37,91;;-4,52;-7,82;0,35;19,15;-0,12;-11,43;-420,39;-739,07;-339,73;;0,52;5,21;-0,58;1,20;-173,07;-7,77;-7,20;-0,04;1,04;0,68;4,54;;127.674.858,18;-4,85;-8,39;-0,03;28.709.465.397,94
BRML3;9,81;;-29,15;0,76;0,45;87,67;-29,88;-32,11;-31,32;-40,25;-8,93;0,22;9,36;6,17;-0,49;4,01;-2,61;-1,53;-2,77;0,59;0,41;0,05;-7,67;;162.170.899,84;12,88;-0,34;0,24;8.565.516.476,73
BRPR3;8,70;1,56;20,73;0,59;0,40;100,00;113,89;65,78;11,97;14,97;3,00;0,15;13,64;4,22;-0,46;3,57;2,83;1,94;2,54;0,68;0,32;0,03;-15,19;;20.864.851,71;14,81;0,42;-0,61;4.276.139.462,10
BRSR6;12,25;5,20;6,89;0,60;0,05;63,68;11,43;8,84;5,33;5,69;;;0,61;1,25;-0,06;2,34;8,72;0,79;;0,09;0,91;0,09;-5,25;-6,77;34.728.988,00;20,40;1,78;-0,16;5.348.294.330,90
BTOW3;59,29;;-157,56;3,50;1,47;28,42;1,78;-2,08;183,90;165,72;-18,18;-0,35;3,28;3,18;-4,86;2,96;-2,22;-0,93;0,82;0,42;0,58;0,45;2,35;;336.185.928,50;16,94;-0,38;4,67;33.207.484.828,98
CAML3;10,29;5,81;8,58;1,69;0,79;23,45;8,68;6,27;6,19;8,02;1,83;0,50;0,54;2,62;-1,81;2,17;19,73;9,23;13,28;0,47;0,53;1,47;7,98;17,95;15.105.843,32;6,08;1,20;0,22;3.807.300.000,00
CASH3;23,02;;147,70;72,19;43,75;26,36;26,36;19,77;110,77;109,96;-0,80;-0,52;29,20;88,16;-184,64;2,86;48,87;29,62;35,98;0,61;0,36;1,50;;;80.550.871,18;0,32;0,16;;2.910.487.660,00
CEAB3;11,00;;-20,39;1,28;0,46;46,42;-4,02;-4,07;-20,65;-18,83;1,81;-0,11;0,83;2,67;-0,89;1,56;-6,27;-2,28;-6,56;0,36;0,64;0,56;;;22.786.253,16;8,61;-0,54;0,00;3.390.695.748,00
CESP6;28,09;8,10;5,32;1,28;0,63;37,95;42,39;90,17;11,32;13,27;1,37;0,15;4,80;134,76;-0,68;1,06;23,99;11,88;-7,30;0,50;0,50;0,13;-8,26;;78.391.625,71;22,00;5,28;0,11;9.676.613.374,94
CIEL3;3,61;1,70;-20,08;0,70;0,11;27,85;-1,29;-4,37;-67,88;-103,86;-35,98;0,37;0,88;1,14;-0,60;1,13;-3,47;-0,53;-2,02;0,15;0,85;0,12;0,11;;147.880.887,89;5,17;-0,18;0,15;9.807.702.370,21
CMIG3;15,13;4,06;11,32;1,33;0,43;23,11;16,08;8,20;5,77;7,84;2,76;0,64;0,93;3,61;-0,61;1,70;11,73;3,81;10,48;0,32;0,68;0,46;5,38;-0,06;12.639.058,53;11,39;1,34;-0,26;20.198.250.495,13
CMIG4;12,38;4,96;9,27;1,09;0,35;23,11;16,08;8,20;4,72;7,84;2,76;0,64;0,76;2,95;-0,50;1,70;11,73;3,81;10,48;0,32;0,68;0,46;5,38;-0,06;124.037.098,71;11,39;1,34;-0,21;20.198.250.495,13
CMIN3;8,36;;11,60;4,41;2,38;60,26;45,70;29,23;7,42;7,16;-0,26;-0,16;3,39;23,38;-3,59;1,43;38,02;20,54;38,09;0,54;0,46;0,70;;;70.995.102,33;1,90;0,72;1,16;46.742.817.713,68
CNTO3;26,69;;174,62;3,36;1,25;45,63;5,49;1,71;54,30;56,93;2,63;0,16;2,98;4,38;-2,45;2,42;1,92;0,72;2,88;0,37;0,63;0,42;;;44.311.906,79;7,94;0,15;-2,03;6.456.039.642,77
COGN3;3,81;;-3,66;0,42;0,20;59,44;-15,18;-31,59;-7,61;-15,23;-7,61;0,42;1,16;1,76;-0,26;1,94;-11,37;-5,42;-3,65;0,48;0,49;0,17;13,24;-24,68;199.775.588,45;9,16;-1,04;0,01;7.149.869.660,10
CPFE3;30,27;5,95;9,57;2,45;0,71;22,40;16,55;11,79;6,82;9,38;2,56;0,92;1,13;-58,70;-0,99;0,96;25,59;7,42;12,15;0,29;0,71;0,63;8,45;33,47;86.785.673,50;12,35;3,16;0,28;34.878.741.898,80
CPLE3;6,71;4,20;4,70;0,91;0,39;28,37;22,83;20,95;4,32;5,99;1,58;0,33;0,99;10,47;-0,52;1,18;19,28;8,35;9,83;0,43;0,57;0,40;4,51;25,31;13.716.430,79;7,40;1,43;0,05;18.735.286.118,00
CPLE6;7,00;4,43;4,91;0,95;0,41;28,37;22,83;20,95;4,50;5,99;1,58;0,33;1,03;10,93;-0,54;1,18;19,28;8,35;9,83;0,43;0,57;0,40;4,51;25,31;90.632.135,53;7,40;1,43;0,05;18.735.286.118,00
CRFB3;22,22;1,12;16,51;2,59;0,85;19,55;6,33;3,75;9,79;9,82;0,02;0,01;0,62;63,65;-1,67;1,03;15,67;5,15;15,00;0,33;0,67;1,37;11,38;23,62;94.157.750,13;8,59;1,35;0,10;44.111.122.891,00
CSMG3;14,77;19,06;6,88;0,87;0,48;44,99;23,96;15,28;4,39;6,71;2,32;0,46;1,05;9,12;-0,58;1,44;12,65;6,94;9,69;0,55;0,45;0,45;6,86;;39.728.266,08;16,98;2,15;0,84;5.616.337.829,13
CSNA3;35,14;0,03;12,85;4,33;0,77;36,39;19,01;12,62;8,53;12,30;3,77;1,91;1,62;5,63;-1,23;1,59;33,72;6,02;10,94;0,18;0,82;0,48;14,52;;643.511.504,47;8,11;2,73;0,11;48.757.595.011,58
CVCB3;18,93;;-2,24;-11,47;0,75;81,82;-155,58;-207,35;-2,98;-3,26;-0,28;;4,64;-3,17;-2,59;0,75;-512,04;-33,62;-93,72;-0,07;1,06;0,16;19,77;-20,22;117.624.322,32;-1,65;-8,45;0,00;3.808.285.493,94
CYRE3;23,68;7,67;5,38;1,63;0,83;32,70;57,66;46,04;4,29;4,68;0,39;0,15;2,48;2,40;-1,76;2,88;30,37;15,40;20,53;0,51;0,49;0,33;-2,51;25,27;180.982.572,39;14,50;4,40;0,02;9.465.909.480,32
DIRR3;12,40;6,53;16,82;1,42;0,37;34,82;14,75;7,53;8,59;9,24;0,65;0,11;1,27;0,91;-0,78;4,66;8,44;2,22;7,89;0,26;0,74;0,29;-0,89;-0,79;15.971.422,37;8,74;0,74;1,34;1.902.144.487,60
DMMO3;0,87;;-0,65;-0,31;0,76;-13,98;-72,90;-111,20;-0,99;-0,78;0,22;;0,72;-0,98;-1,67;0,41;-47,51;-117,06;31,33;-2,46;3,46;1,05;-15,03;;9.043.874,29;-2,82;-1,34;0,08;267.915.328,98
DTEX3;18,76;3,99;28,60;2,50;1,13;31,50;11,43;7,72;19,32;21,51;2,20;0,28;2,21;7,18;-1,78;1,75;8,75;3,95;7,04;0,45;0,55;0,51;8,21;18,81;66.655.819,26;7,50;0,66;2,40;12.977.877.238,76
EGIE3;41,22;4,18;12,02;4,34;0,96;44,57;45,43;22,82;6,04;8,23;2,19;1,58;2,74;14,30;-1,23;1,44;36,13;7,95;19,10;0,22;0,78;0,35;13,49;13,25;83.860.148,84;9,49;3,43;0,57;33.632.541.442,80
ELET3;33,75;9,07;8,35;0,72;0,30;72,63;29,66;21,80;6,14;9,65;3,50;0,41;1,82;2,82;-0,40;1,71;8,59;3,54;6,62;0,41;0,59;0,16;-2,25;;282.905.201,42;47,01;4,04;-0,21;53.108.267.668,34
ELET6;34,31;9,81;8,49;0,73;0,30;72,63;29,66;21,80;6,24;9,65;3,50;0,41;1,85;2,86;-0,40;1,71;8,59;3,54;6,62;0,41;0,59;0,16;-2,25;;136.776.450,92;47,01;4,04;-0,21;53.108.267.668,34
ELMD3;16,05;;-55,20;33,54;7,61;43,26;-14,19;-14,95;-58,12;-60,16;-2,04;1,17;8,25;274,57;-11,98;1,08;-60,75;-13,78;-32,90;0,23;0,76;0,92;;;12.923.988,89;0,48;-0,29;;2.209.759.698,60
EMBR3;13,20;;-2,70;0,64;0,18;12,25;-8,56;-18,41;-5,81;-11,22;-5,40;0,59;0,50;0,51;-0,43;2,53;-23,68;-6,60;-5,12;0,28;0,72;0,36;-0,66;;224.132.943,76;20,63;-4,88;-0,02;9.774.138.580,80
ENAT3;15,48;7,38;11,89;1,40;0,90;33,40;33,74;29,77;10,49;6,62;-3,87;-0,52;3,54;2,81;-1,60;3,72;11,79;7,56;9,01;0,64;0,36;0,25;17,18;2,03;36.781.896,53;11,04;1,30;0,26;4.114.690.889,40
ENBR3;19,41;2,40;7,81;1,05;0,39;24,10;18,78;10,06;4,19;6,37;2,18;0,55;0,79;-19,96;-0,52;0,93;13,40;4,98;10,67;0,37;0,63;0,49;7,87;4,03;62.020.739,68;18,55;2,49;0,61;11.778.966.147,54
ENJU3;10,25;;-74,76;27,50;18.331,42;35,24;-29,96;-32,64;-81,43;-78,23;3,20;-1,08;24,40;35,05;-94,69;2,85;-36,79;-24.520,85;-31,42;666,56;333,44;751,28;;;39.729.099,76;0,37;-0,14;;2.003.550.915,50
EQTL3;22,83;1,40;7,75;1,88;0,52;33,46;26,73;16,63;4,82;6,95;2,13;0,83;1,29;3,89;-0,78;1,68;24,23;6,74;12,88;0,28;0,72;0,41;19,79;29,14;196.595.094,00;12,15;2,94;0,33;23.069.968.070,55
ESPA3;16,22;;-55,43;18,41;2,86;40,30;-1,57;-15,47;-547,77;-591,86;-44,09;1,48;8,58;48,52;-6,05;1,13;-33,21;-5,16;-4,02;0,16;0,84;0,33;;;50.914.543,84;0,88;-0,29;;3.961.500.880,52
ETER3;18,50;;6,02;4,45;1,28;33,27;27,60;23,23;5,07;4,99;-0,08;-0,07;1,40;3,61;-3,69;2,20;73,83;21,30;54,62;0,29;0,71;0,92;-6,86;40,09;40.641.048,63;4,16;3,07;0,00;955.997.767,50
EVEN3;10,27;1,41;148,27;0,88;0,42;28,87;16,28;0,88;8,00;4,93;-3,07;-0,34;1,30;1,01;-1,58;2,30;0,59;0,28;8,15;0,48;0,52;0,32;-5,40;-18,59;18.014.684,61;11,70;0,07;-1,69;2.177.240.000,00
EZTC3;31,20;0,94;17,48;1,71;1,50;43,04;28,41;43,26;26,61;22,58;-4,03;-0,26;7,56;4,03;-2,76;5,50;9,80;8,59;5,96;0,88;0,12;0,20;2,84;-1,36;92.945.346,11;18,22;1,79;0,40;7.082.400.000,00
FESA4;31,52;2,95;39,90;1,57;0,99;27,37;17,19;4,30;9,98;11,06;0,88;0,14;1,72;7,94;-1,36;1,83;3,94;2,48;12,04;0,63;0,37;0,58;11,62;-16,62;11.582.266,21;20,06;0,79;-0,58;2.838.604.800,00
FLRY3;25,16;2,90;31,07;4,56;1,45;27,25;16,11;8,65;16,68;18,48;1,80;0,49;2,69;10,36;-2,19;1,69;14,68;4,65;10,81;0,32;0,68;0,54;9,42;19,07;49.349.350,42;5,52;0,81;-1,75;7.984.931.151,48
GGBR4;28,72;1,46;20,88;1,59;0,78;13,54;11,86;5,40;9,51;10,80;1,90;0,32;1,13;4,14;-1,24;2,04;7,61;3,75;8,41;0,49;0,51;0,69;0,11;;436.449.401,55;18,08;1,38;0,22;46.222.174.962,00
GMAT3;7,75;;23,59;3,00;2,09;24,11;7,02;5,85;19,69;18,62;-1,07;-0,16;1,38;3,64;-8,03;4,46;12,72;8,85;12,60;0,70;0,30;1,51;;;29.232.827,61;2,58;0,33;0,21;17.122.432.112,25
GNDI3;84,99;;70,40;7,30;3,17;29,14;12,94;6,90;37,52;37,47;-0,06;-0,01;4,86;22,32;-4,61;1,83;10,37;4,50;8,23;0,43;0,57;0,65;29,03;66,02;400.950.214,34;11,64;1,21;0,95;51.825.840.219,93
GOAU4;12,66;1,90;15,77;0,42;0,21;13,54;11,84;1,99;2,65;4,15;1,62;0,26;0,31;1,02;-0,35;2,16;2,68;1,35;8,13;0,50;0,50;0,68;0,11;;158.167.144,76;30,01;0,80;0,15;13.103.647.688,83
GOLL4;20,65;;-17,96;-4,71;5,06;26,49;-3,96;-40,78;-184,92;-209,70;-24,79;;7,32;-9,06;-6,77;0,31;-26,20;-28,15;12,66;-1,07;2,07;0,69;-8,21;;188.370.539,00;-4,39;-1,15;-0,01;64.793.648.868,55
GRND3;7,80;2,15;17,37;1,66;1,51;46,10;15,88;21,36;23,36;18,71;-4,66;-0,33;3,71;2,47;-4,78;9,12;9,58;8,67;6,18;0,90;0,10;0,41;-2,95;-5,56;11.475.214,26;4,69;0,45;-0,96;7.036.848.000,00
GUAR3;14,09;2,88;-259,03;1,40;0,51;50,61;-0,50;-0,43;-223,88;-246,39;-22,50;0,14;1,13;1,94;-1,37;1,71;-0,54;-0,20;-2,25;0,36;0,64;0,45;2,55;;13.203.687,84;10,07;-0,05;2,48;7.033.728.000,00
HAPV3;15,20;0,38;72,07;7,21;4,18;39,11;14,81;9,16;44,56;44,25;-0,32;-0,05;6,60;40,87;-5,64;1,65;10,00;5,79;9,28;0,58;0,42;0,63;28,32;20,33;186.196.930,89;2,11;0,21;-9,23;56.466.928.856,00
HGTX3;15,86;2,77;7,52;1,59;1,10;39,09;7,56;31,95;31,76;29,58;-2,17;-0,11;2,40;3,24;-2,83;2,25;21,14;14,65;0,15;0,69;0,31;0,46;-7,54;4,05;37.492.823,16;9,98;2,11;0,13;2.577.788.240,82
HYPE3;32,35;4,58;15,82;2,22;1,19;64,30;32,26;31,67;15,54;16,12;0,58;0,08;5,01;3,88;-2,19;3,01;14,02;7,51;8,41;0,54;0,46;0,24;6,70;18,26;119.492.103,68;14,59;2,04;1,41;20.491.163.624,05
INTB3;19,70;;19,68;6,61;2,64;32,84;18,10;15,37;16,70;16,05;-0,65;-0,26;3,02;6,71;-16,18;1,89;33,59;13,43;25,39;0,40;0,60;0,87;;;49.975.110,69;2,98;1,00;0,27;6.453.938.867,00
IRBR3;6,12;2,16;-5,10;1,82;0,34;-18,47;-21,42;-17,94;-4,27;-4,27;;;0,92;-5,53;-1,06;0,92;-35,74;-6,70;;0,19;0,81;0,37;17,75;;208.473.375,82;3,36;-1,20;0,02;7.759.488.831,84
ITSA4;10,33;2,49;12,31;1,43;1,20;31,50;131,36;120,00;11,25;11,74;0,17;0,02;14,78;20,23;-1,35;2,15;11,64;9,72;11,36;0,84;0,16;0,08;3,78;-3,97;362.808.425,13;7,21;0,84;-0,39;89.368.978.709,10
ITUB3;25,20;2,16;13,07;1,60;0,12;57,67;3,01;10,87;47,24;49,90;;;1,42;;-0,13;;12,23;0,94;;0,08;0,92;0,09;6,04;-10,45;18.190.599,00;15,76;1,93;-0,43;260.971.785.888,03
ITUB4;28,07;1,94;14,56;1,78;0,14;57,67;3,01;10,87;52,62;49,90;;;1,58;;-0,14;;12,23;0,94;;0,08;0,92;0,09;6,04;-10,45;1.223.442.347,24;15,76;1,93;-0,48;260.971.785.888,03
JALL3;8,05;;23,61;4,27;0,84;50,14;40,67;10,39;6,03;9,28;3,25;2,30;2,45;3,84;-1,59;1,88;18,08;3,57;14,56;0,20;0,80;0,34;;;14.082.500,67;1,89;0,34;;2.372.311.582,55
JBSS3;28,71;1,88;15,68;1,66;0,44;16,73;7,59;1,70;3,52;5,77;2,25;1,06;0,27;3,66;-0,70;1,48;10,56;2,81;15,44;0,27;0,73;1,65;10,65;-1,92;394.442.324,76;17,34;1,83;-0,65;72.094.707.956,70
JHSF3;6,74;2,16;7,21;1,21;0,64;69,23;69,73;54,99;5,69;6,33;0,64;0,14;3,97;5,94;-0,86;1,72;16,82;8,84;13,05;0,53;0,47;0,16;13,16;42,24;55.540.509,24;5,55;0,93;0,07;4.644.024.139,22
KEPL3;43,05;1,27;16,74;2,19;1,19;24,21;11,98;10,08;14,08;10,80;-3,29;-0,51;1,69;7,38;-2,84;1,39;13,07;7,13;11,01;0,55;0,45;0,71;-1,00;61,09;13.481.784,34;19,67;2,57;0,21;1.132.730.351,55
LAME3;20,48;1,05;97,99;2,43;0,81;33,48;6,74;1,85;26,89;28,03;0,26;0,02;1,81;1,98;-2,39;2,61;2,48;0,83;3,77;0,33;0,67;0,45;3,50;37,33;51.818.669,37;8,42;0,21;-2,23;39.873.076.330,88
LAME4;21,51;1,00;102,92;2,56;0,85;33,48;6,74;1,85;28,24;28,03;0,26;0,02;1,90;2,08;-2,51;2,61;2,48;0,83;3,77;0,33;0,67;0,45;3,50;37,33;334.882.484,76;8,42;0,21;-2,34;39.873.076.330,88
LAVV3;7,70;;17,67;1,27;0,98;41,67;33,06;26,01;13,91;6,65;-7,26;-0,66;4,60;1,50;-5,59;4,77;7,19;5,52;8,20;0,77;0,23;0,21;;;10.116.494,84;6,06;0,44;0,16;1.652.640.620,40
LIGT3;19,23;;10,35;1,01;0,27;24,44;13,62;5,29;4,02;7,72;3,70;0,93;0,55;9,47;-0,39;1,10;9,78;2,62;8,51;0,27;0,73;0,50;3,68;78,83;59.654.256,18;18,99;1,86;-0,22;7.164.238.880,52
LINX3;37,78;0,30;-1.502,70;4,25;2,65;66,79;3,94;-0,55;209,94;202,84;-7,11;-0,14;8,28;10,42;-4,89;2,26;-0,28;-0,18;0,81;0,62;0,38;0,32;16,40;-10,47;47.371.614,00;8,89;-0,03;13,64;7.155.870.508,80
LJQQ3;15,45;0,44;42,64;6,04;1,30;41,32;9,47;4,19;18,84;17,99;-0,85;-0,27;1,78;4,63;-4,70;1,64;14,16;3,06;14,38;0,22;0,78;0,73;;;37.940.678,11;2,56;0,36;0,34;2.893.634.656,05
LOGG3;30,89;1,74;22,55;1,02;0,75;98,80;177,16;98,89;12,59;13,97;1,38;0,11;22,30;6,97;-0,92;2,37;4,54;3,32;4,06;0,73;0,27;0,03;8,78;52,67;13.827.993,13;30,15;1,37;0,41;3.155.696.267,06
LOGN3;15,02;;122,34;4,48;0,72;20,68;17,12;1,15;8,22;11,75;3,53;1,92;1,41;2,47;-1,38;2,54;3,66;0,59;9,07;0,16;0,84;0,51;4,71;;12.193.887,66;3,36;0,12;7,47;1.584.447.648,82
LREN3;41,98;0,77;30,49;6,08;2,28;57,23;11,37;14,54;39,01;39,84;0,83;0,13;4,43;10,24;-5,82;1,58;19,93;7,49;8,47;0,38;0,62;0,51;4,17;13,62;380.311.728,55;6,91;1,38;-118,66;33.423.225.415,80
LWSA3;23,00;0,14;682,15;19,98;9,27;42,06;9,05;4,04;304,75;298,60;-6,14;-0,40;27,58;37,73;-20,88;1,79;2,93;1,36;4,13;0,46;0,54;0,34;;;271.774.104,79;1,15;0,03;73,86;13.465.620.756,00
MBLY3;23,59;;-158,22;503,02;9,62;41,03;-0,22;-2,90;-2.079,55;-2.100,48;-20,93;5,06;4,58;-60,83;-29,67;0,81;-317,92;-6,08;-2,09;0,02;0,98;2,10;;;23.674.479,18;0,05;-0,15;;2.512.096.835,36
MDIA3;30,56;1,50;12,64;1,59;1,07;34,96;11,29;11,31;12,66;13,06;0,40;0,05;1,43;5,83;-1,82;1,80;12,60;8,47;9,31;0,67;0,33;0,75;5,91;-1,46;33.026.235,71;19,18;2,42;0,14;10.359.840.000,00
MEAL3;3,53;;-2,20;0,81;0,38;25,41;-42,12;-37,35;-1,95;-2,03;-0,07;0,03;0,82;3,23;-0,52;1,76;-36,63;-17,11;-34,91;0,47;0,53;0,46;29,56;;24.626.172,13;4,38;-1,60;0,00;1.010.884.440,90
MGLU3;19,98;0,25;331,49;17,73;5,27;25,77;2,83;1,34;157,47;156,00;-1,48;-0,17;4,45;38,39;-16,54;1,25;5,35;1,59;8,90;0,30;0,70;1,18;26,58;;945.238.971,61;1,13;0,06;-5,76;129.848.558.423,04
MILS3;6,66;;-353,49;1,53;1,14;39,39;2,67;-0,94;123,99;115,50;-8,49;-0,10;3,31;4,12;-1,82;3,84;-0,43;-0,32;0,45;0,74;0,26;0,34;-2,55;;9.142.059,03;4,36;-0,02;3,95;1.678.028.491,80
MOSI3;21,20;;44,43;24,42;12,00;92,13;27,01;26,11;42,96;43,10;0,13;0,08;11,60;56,31;-26,71;1,63;54,96;27,00;38,28;0,49;0,51;1,03;;;107.003.052,91;0,87;0,48;;2.683.830.536,00
MRFG3;16,83;;3,63;3,41;0,30;17,37;11,64;4,89;1,52;3,53;2,00;4,48;0,18;2,63;-0,57;1,33;93,96;8,36;23,40;0,09;0,91;1,71;28,12;;173.469.978,32;4,94;4,64;0,00;11.972.355.635,79
MTRE3;12,47;;27,30;1,31;1,00;33,98;9,26;11,75;34,65;15,71;-18,94;-0,72;3,21;1,52;-5,54;5,09;4,80;3,66;2,87;0,76;0,24;0,31;;;10.320.900,58;9,52;0,46;0,53;1.319.012.005,40
MULT3;23,67;1,92;14,75;2,28;1,35;74,59;106,00;89,15;12,40;14,06;1,66;0,30;13,15;16,93;-1,63;1,84;15,47;9,13;11,12;0,59;0,41;0,10;0,31;21,64;199.093.552,16;10,38;1,60;0,14;14.220.009.911,25
MYPK3;11,84;;-3,70;0,48;0,15;6,45;-2,11;-5,61;-9,85;-28,88;-19,03;0,92;0,21;2,25;-0,25;1,19;-12,93;-3,96;-2,09;0,31;0,69;0,71;5,05;;25.049.731,13;24,74;-3,20;0,02;1.820.040.075,84
NGRD3;7,87;;157,19;13,69;5,60;66,82;16,13;5,79;56,41;58,86;2,45;0,59;9,10;163,77;-7,73;1,14;8,71;3,56;10,07;0,41;0,59;0,62;;;58.990.122,97;0,57;0,05;;1.878.272.537,10
ODPV3;13,36;3,78;19,66;5,88;3,69;59,60;29,17;20,46;13,79;12,36;-1,43;-0,61;4,02;15,97;-7,62;1,81;29,93;18,80;29,39;0,63;0,37;0,92;7,15;10,22;25.249.459,08;2,27;0,68;0,73;7.098.098.421,12
OIBR3;1,80;;-0,73;1,79;0,15;21,68;-4,43;-77,15;-12,79;-38,28;-25,38;3,56;0,57;1,77;-0,20;1,50;-243,90;-20,08;-3,51;0,08;0,92;0,26;-6,55;;253.226.836,08;1,00;-2,45;-0,02;10.805.896.256,76
OIBR4;2,36;;-0,96;2,35;0,19;21,68;-4,43;-77,15;-16,77;-38,28;-25,38;3,56;0,74;2,33;-0,26;1,50;-243,90;-20,08;-3,51;0,08;0,92;0,26;-6,55;;11.126.664,37;1,00;-2,45;-0,02;10.805.896.256,76
PARD3;20,52;1,76;21,24;3,66;1,36;27,11;13,40;8,47;13,42;14,18;0,76;0,21;1,80;8,90;-2,36;1,57;17,23;6,43;14,10;0,37;0,63;0,76;14,12;8,50;10.768.468,16;5,61;0,97;-1,06;2.687.680.769,40
PCAR3;31,41;1,85;3,87;0,50;0,16;26,83;5,13;4,25;3,21;3,37;0,17;0,03;0,16;-10,01;-0,24;0,95;12,96;4,09;7,58;0,32;0,68;0,96;6,62;;293.836.812,13;62,63;8,12;0,02;8.428.922.719,47
PETZ3;19,29;0,17;130,17;14,76;4,02;48,27;8,64;4,06;61,24;61,31;0,07;0,02;5,29;32,76;-7,55;1,35;11,34;3,08;11,13;0,27;0,73;0,76;;;80.636.218,03;1,31;0,15;0,88;7.600.090.209,42
PNVL3;18,82;0,72;50,77;2,82;1,30;29,22;3,27;1,99;30,93;33,12;2,36;0,21;1,01;4,08;-3,49;2,03;5,56;2,56;5,37;0,46;0,54;1,28;7,26;4,40;16.369.098,37;6,67;0,37;-1,89;2.835.082.682,50
POSI3;5,55;0,58;4,12;0,76;0,28;20,47;12,67;8,71;2,83;3,62;0,79;0,21;0,36;0,94;-1,28;1,61;18,48;6,76;11,20;0,37;0,63;0,78;3,53;;15.615.055,79;7,29;1,35;0,00;786.990.000,00
POWE3;14,75;;43,06;5,96;1,49;10,03;6,46;2,50;16,66;16,89;0,23;0,08;1,08;17,88;-3,63;1,16;13,83;3,45;19,09;0,25;0,75;1,38;;;16.301.958,70;2,48;0,34;-0,75;1.322.409.126,00
PRIO3;92,51;;35,89;5,16;2,39;32,42;49,51;23,78;17,24;19,05;1,81;0,54;8,53;-52,76;-3,28;0,86;14,37;6,67;16,03;0,46;0,54;0,28;49,72;32,61;645.964.641,47;17,94;2,58;-1,25;16.250.877.294,19
PSSA3;47,04;4,55;9,01;1,70;0,41;100,00;9,04;9,07;9,03;2,81;-6,22;-1,17;0,82;3,51;-1,31;1,21;18,83;4,60;8,56;0,24;0,76;0,51;3,79;11,08;54.189.861,66;27,74;5,22;0,40;15.207.704.131,20
PTBL3;8,61;1,76;10,38;3,19;0,65;34,57;8,68;9,63;11,51;14,98;3,47;0,96;1,00;7,56;-1,19;1,24;30,73;6,30;6,37;0,21;0,79;0,65;4,66;19,48;34.764.036,42;2,70;0,83;0,01;1.330.497.798,21
QUAL3;31,11;0,94;22,46;4,98;2,28;81,03;29,11;19,36;14,94;15,54;0,60;0,20;4,35;9,90;-3,79;2,36;22,17;10,14;14,80;0,46;0,54;0,52;6,05;22,49;106.419.095,71;6,25;1,39;-3,31;8.835.685.650,75
RADL3;24,85;0,51;84,74;9,28;2,97;29,36;4,56;2,41;44,82;45,66;0,84;0,17;2,05;18,50;-6,03;1,46;10,95;3,50;13,08;0,32;0,68;1,45;17,66;7,84;163.529.260,18;2,68;0,29;-2,27;41.050.460.500,00
RANI3;5,60;1,96;15,50;1,83;0,79;31,60;16,08;9,01;8,69;10,15;1,46;0,31;1,40;2,91;-1,38;2,78;11,80;5,11;10,79;0,43;0,57;0,57;6,30;184,81;15.945.085,71;3,06;0,36;-0,07;1.437.633.316,00
RAPT4;14,39;1,68;7,49;1,87;0,55;25,18;18,92;12,39;4,90;5,64;1,13;0,43;0,93;2,20;-1,35;1,75;24,95;7,40;9,99;0,30;0,70;0,60;11,59;;41.458.260,16;7,70;1,92;0,04;4.580.726.254,98
RCSL3;8,02;;-445,17;-9,37;13,80;19,77;2,32;-4,79;918,59;412,76;-1,68;;21,33;-107,82;-24,33;0,77;-2,11;-3,10;-1,02;-1,47;2,47;0,65;117,05;;12.795.159,58;-0,86;-0,02;7,36;274.359.972,60
RENT3;57,43;0,45;41,56;7,20;2,13;28,12;17,48;10,17;24,18;27,80;3,62;1,08;4,23;34,21;-2,93;1,30;17,32;5,13;8,60;0,30;0,70;0,50;21,28;21,10;364.596.204,53;7,98;1,38;1,62;43.558.740.858,10
ROMI3;25,25;8,12;10,61;2,27;1,06;30,71;10,98;17,93;17,33;19,33;2,00;0,26;1,90;3,84;-2,73;1,82;21,42;9,99;7,50;0,47;0,53;0,56;9,91;88,47;52.159.584,03;11,11;2,38;0,31;1.851.681.530,50
RRRP3;39,40;;-16,64;4,01;2,05;47,99;-84,38;-126,92;-25,03;-24,61;0,42;-0,07;21,12;6,56;-3,23;6,74;-24,07;-12,29;-11,55;0,51;0,49;0,10;;;23.689.403,71;9,84;-2,37;-0,02;4.314.471.074,80
SANB11;40,94;2,51;10,94;1,81;0,16;16,13;7,82;14,15;19,80;19,80;;;1,55;-0,32;-0,19;0,26;16,53;1,42;;0,09;0,91;0,10;-2,12;6,46;138.784.124,89;22,64;3,74;-0,76;153.494.930.613,97
SAPR11;22,10;4,49;6,70;0,96;0,51;59,97;32,72;20,76;4,25;6,02;1,77;0,40;1,39;21,73;-0,58;1,21;14,35;7,55;11,34;0,53;0,47;0,36;10,07;17,84;55.352.922,63;22,97;3,30;-0,87;6.679.528.393,98
SAPR4;4,37;4,63;6,63;0,95;0,50;59,97;32,72;20,76;4,20;6,02;1,77;0,40;1,38;21,48;-0,58;1,21;14,35;7,55;11,34;0,53;0,47;0,36;10,07;17,84;26.542.604,61;4,59;0,66;-0,86;6.679.528.393,98
SBSP3;40,87;3,37;28,70;1,23;0,55;37,18;25,24;5,47;6,22;9,21;2,99;0,59;1,57;51,66;-0,64;1,09;4,27;1,93;10,34;0,45;0,55;0,35;8,73;12,66;212.059.020,71;33,35;1,42;-0,40;27.935.048.346,03
SEER3;11,50;2,83;8,97;1,04;0,48;53,56;25,05;13,20;4,73;4,44;-0,29;-0,06;1,18;2,34;-0,74;2,41;11,57;5,34;13,32;0,46;0,54;0,40;4,15;0,49;11.124.956,92;11,08;1,28;0,43;1.480.297.940,00
SLCE3;42,47;2,32;16,56;2,57;0,94;27,63;20,16;12,62;10,37;11,41;1,04;0,26;2,09;4,34;-1,84;1,80;15,51;5,69;10,82;0,37;0,63;0,45;17,07;33,35;55.231.503,97;16,53;2,56;0,29;8.094.569.650,00
SMLS3;24,80;5,12;15,71;2,28;0,92;82,71;36,70;34,20;14,64;11,15;-3,50;-0,54;5,37;3,24;-3,39;1,63;14,51;5,83;8,72;0,40;0,60;0,17;;;40.168.192,18;10,88;1,58;-0,23;3.079.142.034,40
SMTO3;28,91;1,87;11,87;3,06;0,84;34,82;35,23;20,07;6,76;9,77;3,02;1,36;2,38;5,85;-1,19;2,01;25,77;7,12;12,82;0,28;0,72;0,35;14,03;17,25;51.238.701,29;9,45;2,44;0,25;10.234.467.521,39
SOMA3;14,00;;-95,82;4,28;2,90;60,87;-6,82;-5,61;-78,81;-75,46;3,35;-0,18;5,37;6,56;-8,53;3,03;-4,47;-3,03;-10,25;0,68;0,32;0,54;;;17.185.753,34;3,27;-0,15;0,62;6.679.981.336,00
SQIA3;22,75;;323,85;3,69;2,52;34,08;3,31;2,36;230,73;195,86;-34,88;-0,56;7,64;5,88;-5,47;4,85;1,14;0,78;0,99;0,68;0,32;0,33;22,77;-12,74;17.591.341,66;6,17;0,07;-1,56;1.604.985.473,00
STBP3;6,76;0,26;-423,69;2,78;1,38;23,77;6,40;-1,48;97,94;87,23;-10,70;-0,30;6,27;6,18;-1,95;4,18;-0,66;-0,33;2,20;0,50;0,50;0,22;-0,73;;40.184.097,58;2,43;-0,02;2,24;5.830.353.835,28
SULA11;36,35;4,94;6,22;1,80;0,52;13,59;5,09;12,22;14,92;-0,62;-15,54;-1,88;0,76;1,38;-1,64;2,26;28,97;8,42;6,95;0,29;0,71;0,69;4,99;26,05;141.429.415,58;20,18;5,85;0,06;14.596.955.579,10
TAEE11;36,10;8,89;5,50;2,06;0,88;70,57;89,71;63,54;3,89;5,57;1,68;0,89;3,49;8,19;-1,06;2,80;37,55;16,04;22,30;0,43;0,57;0,25;18,22;20,00;89.561.755,95;17,49;6,57;0,04;12.436.410.542,70
TASA4;22,72;;8,29;51,67;1,50;42,60;24,49;14,87;5,03;6,62;1,55;15,97;1,23;6,14;-4,12;1,62;623,63;18,05;45,22;0,03;0,97;1,21;16,57;;81.667.443,82;0,44;2,74;0,02;2.201.711.073,08
TCSA3;7,36;;-3,29;0,68;0,31;-8,95;-78,92;-91,26;-3,80;-5,73;-1,93;0,35;3,00;1,34;-0,52;2,35;-20,83;-9,45;-11,32;0,45;0,55;0,10;-32,32;;11.656.012,00;10,75;-2,24;0,09;541.837.532,80
TEND3;26,25;1,88;13,67;1,80;0,65;31,12;11,60;8,78;10,35;9,79;-0,56;-0,10;1,20;1,78;-1,85;2,27;13,20;4,73;8,33;0,36;0,64;0,54;21,81;46,40;39.036.149,26;14,55;1,92;-0,57;2.739.036.457,50
TGMA3;18,11;1,88;16,23;1,91;1,16;19,78;10,49;7,28;11,25;11,20;-0,06;-0,01;1,18;3,83;-2,35;2,52;11,77;7,17;9,39;0,61;0,39;0,99;-2,05;49,24;11.762.552,16;9,48;1,12;-0,26;1.195.312.790,65
TIET11;17,44;6,15;8,21;3,78;0,69;94,37;86,92;42,17;3,98;5,83;1,85;1,75;3,46;-43,14;-0,91;0,94;46,03;8,45;19,40;0,18;0,82;0,20;-5,19;1,09;25.546.318,03;4,62;2,12;0,04;6.960.417.764,61
TIMS3;12,84;3,48;16,86;1,34;0,75;53,69;16,30;10,68;11,04;12,98;1,94;0,24;1,80;14,73;-0,99;1,25;7,95;4,43;7,97;0,56;0,44;0,41;0,15;-2,43;74.518.957,66;9,58;0,76;-0,34;31.083.128.470,32
TOTS3;28,18;0,76;55,21;6,25;3,16;70,08;15,16;11,36;41,38;39,14;-2,24;-0,34;6,27;20,56;-7,04;1,39;11,33;5,73;10,50;0,51;0,49;0,50;6,34;8,63;176.560.957,39;4,51;0,51;1,36;16.285.593.440,58
TRIS3;9,70;2,21;10,64;1,49;0,83;35,26;22,65;19,35;9,09;9,41;0,31;0,05;2,06;1,48;-3,65;3,68;14,02;7,81;10,33;0,56;0,44;0,40;18,29;49,27;16.667.796,71;6,50;0,91;0,50;1.810.190.118,60
TRPL4;25,59;9,95;5,02;1,19;0,69;69,27;119,77;90,94;3,81;4,53;0,46;0,14;4,56;4,08;-0,88;4,01;23,80;13,67;19,25;0,57;0,43;0,15;23,49;45,59;49.528.287,50;21,44;5,10;0,06;18.024.122.920,68
TUPY3;20,37;;-38,54;1,15;0,48;16,09;5,09;-1,79;13,55;17,24;3,69;0,31;0,69;1,62;-1,06;2,20;-2,98;-1,25;3,53;0,42;0,58;0,70;4,44;;24.480.093,61;17,71;-0,53;0,30;2.936.895.675,00
UNIP6;66,26;1,84;17,02;3,60;1,39;34,50;19,35;9,50;8,36;7,68;-0,53;-0,23;1,62;9,47;-2,38;1,54;21,14;8,16;21,10;0,39;0,61;0,86;35,12;33,34;23.702.182,97;18,42;3,89;0,15;6.149.516.116,52
USIM3;16,95;0,23;31,57;1,26;0,71;20,24;18,20;4,18;7,25;7,56;0,38;0,07;1,32;2,89;-1,17;2,64;4,00;2,25;10,41;0,56;0,44;0,54;9,57;;14.908.855,45;13,44;0,54;0,15;21.036.998.063,72
USIM5;16,58;0,26;30,88;1,23;0,69;20,24;18,20;4,18;7,09;7,56;0,38;0,07;1,29;2,83;-1,15;2,64;4,00;2,25;10,41;0,56;0,44;0,54;9,57;;370.363.486,63;13,44;0,54;0,14;21.036.998.063,72
VALE3;95,46;6,99;18,88;2,79;1,06;52,73;24,97;12,81;9,69;9,84;0,15;0,04;2,42;9,90;-1,44;1,67;14,76;5,59;18,93;0,38;0,62;0,44;21,72;;2.925.509.724,11;34,25;5,05;-0,04;504.455.962.689,72
VIVA3;23,70;0,45;38,17;4,78;2,62;68,49;19,58;14,00;27,30;26,58;-0,72;-0,13;5,34;6,72;-7,79;2,41;12,52;6,85;12,05;0,55;0,45;0,49;;;29.897.445,68;4,96;0,62;-0,58;5.597.887.125,30
VIVT3;45,34;7,40;16,07;1,10;0,71;47,38;15,26;11,06;11,65;12,79;1,14;0,11;1,78;64,66;-0,85;1,07;6,86;4,39;6,45;0,64;0,36;0,40;1,37;6,88;150.889.652,84;41,13;2,82;-3,49;76.669.256.408,82
VIVT4;45,34;5,25;16,07;1,10;0,71;47,38;15,26;11,06;11,65;12,79;1,14;0,11;1,78;64,66;-0,85;1,07;6,86;4,39;6,45;0,64;0,36;0,40;1,37;6,88;111.231.163,93;41,13;2,82;-3,49;76.669.256.408,82
VVAR3;11,97;;19,04;3,20;0,58;32,75;5,60;3,47;11,81;15,59;3,78;1,02;0,66;25,46;-1,38;1,04;16,79;3,04;10,20;0,18;0,82;0,87;8,45;135,03;631.240.194,92;3,74;0,63;-0,11;19.120.328.588,97
WEGE3;72,74;0,85;65,21;12,80;7,66;31,13;16,12;13,40;54,20;53,21;-0,99;-0,23;8,74;22,87;-20,71;2,13;19,62;11,75;18,11;0,60;0,40;0,88;12,35;15,50;516.890.621,11;5,68;1,12;1,45;152.656.455.587,26
WEST3;9,07;;49,84;111,34;9,22;48,61;11,33;26,62;117,15;112,57;-4,58;-4,35;13,27;-115,47;-35,63;0,90;223,42;18,50;-22,52;0,08;0,92;0,69;;;28.617.314,77;0,08;0,18;;992.954.585,07
WIZS3;6,70;;5,50;3,60;1,12;76,38;40,46;24,25;3,30;2,51;-0,79;-0,86;1,33;-22,80;-1,78;0,88;65,42;20,34;72,59;0,31;0,69;0,84;17,16;14,87;16.802.973,34;1,86;1,22;-0,61;1.071.378.789,40
